<?xml version="1.0" encoding="UTF-8"?>
<!DOCTYPE mapper PUBLIC "-//mybatis.org//DTD Mapper 3.0//EN"
        "http://mybatis.org/dtd/mybatis-3-mapper.dtd">
<mapper namespace="com.core.TecHeart.mapper.HealthMetricMapper">

    <resultMap id="healthMetricMap" type="com.core.TecHeart.entity.HealthMetric">
        <id property="metricId" column="metric_id"/>
        <result property="userId" column="user_id"/>
        <result property="metricType" column="metric_type"
                typeHandler="org.apache.ibatis.type.EnumTypeHandler"/>
        <result property="metricValue" column="metric_value"/>
        <result property="recordDate" column="record_date"/>
        <result property="timeSlot" column="time_slot"/>
        <result property="createdAt" column="created_at"/>
        <result property="deviceSn" column="device_sn"/>
        <result property="dataSource" column="data_source"
                typeHandler="org.apache.ibatis.type.EnumTypeHandler"/>
        <result property="systolic" column="systolic"/>
        <result property="diastolic" column="diastolic"/>
    </resultMap>

    <insert id="insert" parameterType="com.core.TecHeart.entity.HealthMetric"
            useGeneratedKeys="true" keyProperty="metricId">
        INSERT INTO health_metrics (
        user_id, metric_type, metric_value,
        record_date, time_slot, device_sn, data_source
        ) VALUES (
        #{userId}, #{metricType}, #{metricValue},
        #{recordDate}, #{timeSlot}, #{deviceSn}, #{dataSource}
        )
    </insert>

    <update id="update" parameterType="com.core.TecHeart.entity.HealthMetric">
        UPDATE health_metrics
        <set>
            <if test="userId != null">user_id = #{userId},</if>
            <if test="metricType != null">metric_type = #{metricType},</if>
            <if test="metricValue != null">metric_value = #{metricValue},</if>
            <if test="recordDate != null">record_date = #{recordDate},</if>
            <if test="timeSlot != null">time_slot = #{timeSlot},</if>
            <if test="deviceSn != null">device_sn = #{deviceSn},</if>
            <if test="dataSource != null">data_source = #{dataSource}</if>
        </set>
        WHERE metric_id = #{metricId}
    </update>

    <delete id="delete">
        DELETE FROM health_metrics WHERE metric_id = #{metricId}
    </delete>

    <select id="selectByIdAndTime" resultMap="healthMetricMap">
        SELECT hm.metric_id,
        hm.metric_type,
        hm.metric_value,
        hm.record_date,
        bp.systolic,
        bp.diastolic
        FROM health_metrics hm
        left join blood_pressure bp on hm.metric_id = bp.metric_id
        WHERE user_id = #{userId}
        <if test="start != null and end != null">
            AND record_date BETWEEN #{start} AND #{end}
        </if>
    </select>

    <select id="selectByUserAndType" resultMap="healthMetricMap">
        SELECT hm.metric_id,
        hm.metric_type,
        hm.metric_value,
        hm.record_date,
        bp.systolic,
        bp.diastolic
        FROM health_metrics hm
        left join blood_pressure bp on hm.metric_id = bp.metric_id
        WHERE user_id = #{userId}
        AND metric_type = #{metricType}
        <if test="start != null and end != null">
            AND record_date BETWEEN #{start} AND #{end}
        </if>
        ORDER BY record_date DESC
    </select>
</mapper>