<?xml version="1.0" encoding="UTF-8"?>
<!DOCTYPE mapper PUBLIC "-//mybatis.org//DTD Mapper 3.0//EN"
        "http://mybatis.org/dtd/mybatis-3-mapper.dtd">
<mapper namespace="com.core.TecHeart.mapper.KnowledgeDocumentMapper">
    <resultMap id="KnowledgeDocumentResultMap" type="com.core.TecHeart.entity.KnowledgeDocument">
        <id property="id" column="id" />
        <result property="libraryId" column="library_id" />
        <result property="fileName" column="file_name" />
        <result property="fileType" column="file_type" />
        <result property="fileSize" column="file_size" />
        <result property="uploadTime" column="upload_time" />
    </resultMap>
    <insert id="insert" useGeneratedKeys="true" keyProperty="id">
        INSERT INTO knowledge_document
        (library_id, file_name, file_type, file_size)
        VALUES
        (#{libraryId}, #{fileName}, #{fileType}, #{fileSize})
    </insert>

    <delete id="delete">
        DELETE FROM knowledge_document WHERE id = #{id}
    </delete>

    <select id="selectByLibraryId" resultMap="KnowledgeDocumentResultMap">
        SELECT * FROM knowledge_document
        WHERE library_id = #{libraryId}
        ORDER BY upload_time DESC
    </select>

    <select id="countByLibraryId" resultType="Long">
        SELECT COUNT(*) FROM knowledge_document
        WHERE library_id = #{libraryId}
    </select>
</mapper>