<?xml version="1.0" encoding="UTF-8"?>
<!DOCTYPE mapper PUBLIC "-//mybatis.org//DTD Mapper 3.0//EN" "http://mybatis.org/dtd/mybatis-3-mapper.dtd">
<mapper namespace="com.core.TecHeart.mapper.UserMapper">
    <resultMap id="userResultMap" type="com.core.TecHeart.entity.User">
        <id column="id" property="id"/>
        <result column="username" property="username"/>
        <result column="password" property="password"/>
        <result column="authority" property="authority"/>
    </resultMap>

    <insert id="add" parameterType="com.core.TecHeart.entity.User">
        insert into user (username, password, authority, time)
        values (#{username}, #{password}, #{authority}, #{time})
    </insert>

    <update id="update" parameterType="com.core.TecHeart.entity.User">
        update user
        set password=#{password}
        where id = #{id}
    </update>

    <select id="getById" resultMap="userResultMap">
        select *
        from user
        where id = #{id}
    </select>

    <select id="getByUsername" resultMap="userResultMap">
        select *
        from user
        where username = #{username}
    </select>

    <delete id="deleteById" parameterType="java.lang.Integer">
        DELETE FROM user
        WHERE id = #{id}
    </delete>
</mapper>
